dteday,season,yr,mnth,holiday,weekday,workingday,weathersit,hum,windspeed,cnt,season_name,recency
2011-01-01,1,0,1,0,6,0,2,0.805833,0.160446,985,Spring,730
2011-01-02,1,0,1,0,0,0,2,0.696087,0.248539,801,Spring,729
2011-01-03,1,0,1,0,1,1,1,0.437273,0.248309,1349,Spring,728
2011-01-04,1,0,1,0,2,1,1,0.590435,0.160296,1562,Spring,727
2011-01-05,1,0,1,0,3,1,1,0.436957,0.1869,1600,Spring,726
2011-01-06,1,0,1,0,4,1,1,0.518261,0.0895652,1606,Spring,725
2011-01-07,1,0,1,0,5,1,2,0.498696,0.168726,1510,Spring,724
2011-01-08,1,0,1,0,6,0,2,0.535833,0.266804,959,Spring,723
2011-01-09,1,0,1,0,0,0,1,0.434167,0.36195,822,Spring,722
2011-01-10,1,0,1,0,1,1,1,0.482917,0.223267,1321,Spring,721
2011-01-11,1,0,1,0,2,1,2,0.686364,0.122132,1263,Spring,720
2011-01-12,1,0,1,0,3,1,1,0.599545,0.304627,1162,Spring,719
2011-01-13,1,0,1,0,4,1,1,0.470417,0.301,1406,Spring,718
2011-01-14,1,0,1,0,5,1,1,0.537826,0.126548,1421,Spring,717
2011-01-15,1,0,1,0,6,0,2,0.49875,0.157963,1248,Spring,716
2011-01-16,1,0,1,0,0,0,1,0.48375,0.188433,1204,Spring,715
2011-01-17,1,0,1,1,1,0,2,0.5375,0.194017,1000,Spring,714
2011-01-18,1,0,1,0,2,1,2,0.861667,0.146775,683,Spring,713
2011-01-19,1,0,1,0,3,1,2,0.741739,0.208317,1650,Spring,712
2011-01-20,1,0,1,0,4,1,2,0.538333,0.195904,1927,Spring,711
2011-01-21,1,0,1,0,5,1,1,0.457083,0.353242,1543,Spring,710
2011-01-22,1,0,1,0,6,0,1,0.4,0.17197,981,Spring,709
2011-01-23,1,0,1,0,0,0,1,0.436522,0.2466,986,Spring,708
2011-01-24,1,0,1,0,1,1,1,0.491739,0.15833,1416,Spring,707
2011-01-25,1,0,1,0,2,1,2,0.616957,0.129796,1985,Spring,706
2011-01-26,1,0,1,0,3,1,3,0.8625,0.29385,506,Spring,705
2011-01-27,1,0,1,0,4,1,1,0.6875,0.113837,431,Spring,704
2011-01-28,1,0,1,0,5,1,2,0.793043,0.1233,1167,Spring,703
2011-01-29,1,0,1,0,6,0,1,0.651739,0.145365,1098,Spring,702
2011-01-30,1,0,1,0,0,0,1,0.722174,0.0739826,1096,Spring,701
2011-01-31,1,0,1,0,1,1,2,0.60375,0.187192,1501,Spring,700
2011-02-01,1,0,2,0,2,1,2,0.829565,0.053213,1360,Spring,699
2011-02-02,1,0,2,0,3,1,2,0.775417,0.264308,1526,Spring,698
2011-02-03,1,0,2,0,4,1,1,0.437826,0.277752,1550,Spring,697
2011-02-04,1,0,2,0,5,1,2,0.585217,0.127839,1708,Spring,696
2011-02-05,1,0,2,0,6,0,2,0.929167,0.161079,1005,Spring,695
2011-02-06,1,0,2,0,0,0,1,0.568333,0.1418,1623,Spring,694
2011-02-07,1,0,2,0,1,1,1,0.738333,0.0454083,1712,Spring,693
2011-02-08,1,0,2,0,2,1,1,0.537917,0.36195,1530,Spring,692
2011-02-09,1,0,2,0,3,1,2,0.494783,0.188839,1605,Spring,691
2011-02-10,1,0,2,0,4,1,1,0.437391,0.221935,1538,Spring,690
2011-02-11,1,0,2,0,5,1,1,0.506364,0.10855,1746,Spring,689
2011-02-12,1,0,2,0,6,0,1,0.544167,0.203367,1472,Spring,688
2011-02-13,1,0,2,0,0,0,1,0.457391,0.260883,1589,Spring,687
2011-02-14,1,0,2,0,1,1,1,0.375833,0.417908,1913,Spring,686
2011-02-15,1,0,2,0,2,1,1,0.314348,0.291374,1815,Spring,685
2011-02-16,1,0,2,0,3,1,1,0.423478,0.251791,2115,Spring,684
2011-02-17,1,0,2,0,4,1,1,0.505,0.230104,2475,Spring,683
2011-02-18,1,0,2,0,5,1,1,0.516667,0.264925,2927,Spring,682
2011-02-19,1,0,2,0,6,0,1,0.187917,0.507463,1635,Spring,681
2011-02-20,1,0,2,0,0,0,1,0.407826,0.223235,1812,Spring,680
2011-02-21,1,0,2,1,1,0,2,0.605,0.307846,1107,Spring,679
2011-02-22,1,0,2,0,2,1,1,0.577778,0.195683,1450,Spring,678
2011-02-23,1,0,2,0,3,1,1,0.423043,0.094113,1917,Spring,677
2011-02-24,1,0,2,0,4,1,2,0.697391,0.250496,1807,Spring,676
2011-02-25,1,0,2,0,5,1,2,0.712174,0.346539,1461,Spring,675
2011-02-26,1,0,2,0,6,0,1,0.537917,0.186571,1969,Spring,674
2011-02-27,1,0,2,0,0,0,1,0.68,0.125248,2402,Spring,673
2011-02-28,1,0,2,0,1,1,2,0.876364,0.289686,1446,Spring,672
2011-03-01,1,0,3,0,2,1,1,0.535,0.216425,1851,Spring,671
2011-03-02,1,0,3,0,3,1,1,0.449583,0.307833,2134,Spring,670
2011-03-03,1,0,3,0,4,1,1,0.318333,0.225754,1685,Spring,669
2011-03-04,1,0,3,0,5,1,2,0.610417,0.203346,1944,Spring,668
2011-03-05,1,0,3,0,6,0,2,0.789167,0.251871,2077,Spring,667
2011-03-06,1,0,3,0,0,0,2,0.948261,0.343287,605,Spring,666
2011-03-07,1,0,3,0,1,1,1,0.551304,0.341352,1872,Spring,665
2011-03-08,1,0,3,0,2,1,1,0.420833,0.12065,2133,Spring,664
2011-03-09,1,0,3,0,3,1,2,0.775417,0.22015,1891,Spring,663
2011-03-10,1,0,3,0,4,1,3,0.0,0.261877,623,Spring,662
2011-03-11,1,0,3,0,5,1,2,0.649565,0.23297,1977,Spring,661
2011-03-12,1,0,3,0,6,0,1,0.594583,0.220775,2132,Spring,660
2011-03-13,1,0,3,0,0,0,1,0.527391,0.270604,2417,Spring,659
2011-03-14,1,0,3,0,1,1,1,0.496957,0.136926,2046,Spring,658
2011-03-15,1,0,3,0,2,1,2,0.655652,0.184309,2056,Spring,657
2011-03-16,1,0,3,0,3,1,2,0.776522,0.203117,2192,Spring,656
2011-03-17,1,0,3,0,4,1,1,0.602917,0.209579,2744,Spring,655
2011-03-18,1,0,3,0,5,1,1,0.525217,0.231017,3239,Spring,654
2011-03-19,1,0,3,0,6,0,1,0.379167,0.368167,3117,Spring,653
2011-03-20,1,0,3,0,0,0,1,0.47375,0.207721,2471,Spring,652
2011-03-21,2,0,3,0,1,1,2,0.737391,0.288783,2077,Summer,651
2011-03-22,2,0,3,0,2,1,1,0.624583,0.22575,2703,Summer,650
2011-03-23,2,0,3,0,3,1,2,0.839565,0.234261,2121,Summer,649
2011-03-24,2,0,3,0,4,1,2,0.805833,0.243787,1865,Summer,648
2011-03-25,2,0,3,0,5,1,1,0.495,0.230725,2210,Summer,647
2011-03-26,2,0,3,0,6,0,1,0.394167,0.209571,2496,Summer,646
2011-03-27,2,0,3,0,0,0,2,0.493913,0.1843,1693,Summer,645
2011-03-28,2,0,3,0,1,1,1,0.302174,0.212204,2028,Summer,644
2011-03-29,2,0,3,0,2,1,1,0.314167,0.226996,2425,Summer,643
2011-03-30,2,0,3,0,3,1,2,0.646667,0.172888,1536,Summer,642
2011-03-31,2,0,3,0,4,1,3,0.918333,0.217646,1685,Summer,641
2011-04-01,2,0,4,0,5,1,2,0.68625,0.258708,2227,Summer,640
2011-04-02,2,0,4,0,6,0,2,0.65375,0.197146,2252,Summer,639
2011-04-03,2,0,4,0,0,0,1,0.48,0.182213,3249,Summer,638
2011-04-04,2,0,4,0,1,1,1,0.42625,0.385571,3115,Summer,637
2011-04-05,2,0,4,0,2,1,2,0.642083,0.388067,1795,Summer,636
2011-04-06,2,0,4,0,3,1,1,0.470833,0.263063,2808,Summer,635
2011-04-07,2,0,4,0,4,1,1,0.602917,0.162312,3141,Summer,634
2011-04-08,2,0,4,0,5,1,2,0.83625,0.226992,1471,Summer,633
2011-04-09,2,0,4,0,6,0,2,0.8775,0.133083,2455,Summer,632
2011-04-10,2,0,4,0,0,0,2,0.8575,0.146767,2895,Summer,631
2011-04-11,2,0,4,0,1,1,2,0.716956,0.324474,3348,Summer,630
2011-04-12,2,0,4,0,2,1,2,0.739167,0.274879,2034,Summer,629
2011-04-13,2,0,4,0,3,1,2,0.819167,0.250617,2162,Summer,628
2011-04-14,2,0,4,0,4,1,1,0.540417,0.1107,3267,Summer,627
2011-04-15,2,0,4,1,5,0,1,0.67125,0.226375,3126,Summer,626
2011-04-16,2,0,4,0,6,0,3,0.888333,0.340808,795,Summer,625
2011-04-17,2,0,4,0,0,0,1,0.479583,0.303496,3744,Summer,624
2011-04-18,2,0,4,0,1,1,1,0.5425,0.163567,3429,Summer,623
2011-04-19,2,0,4,0,2,1,2,0.665833,0.157971,3204,Summer,622
2011-04-20,2,0,4,0,3,1,1,0.614167,0.241925,3944,Summer,621
2011-04-21,2,0,4,0,4,1,1,0.407083,0.325258,4189,Summer,620
2011-04-22,2,0,4,0,5,1,2,0.729583,0.219521,1683,Summer,619
2011-04-23,2,0,4,0,6,0,2,0.887917,0.230725,4036,Summer,618
2011-04-24,2,0,4,0,0,0,2,0.810833,0.192175,4191,Summer,617
2011-04-25,2,0,4,0,1,1,1,0.776667,0.185333,4073,Summer,616
2011-04-26,2,0,4,0,2,1,1,0.729167,0.3265,4400,Summer,615
2011-04-27,2,0,4,0,3,1,2,0.835417,0.3122,3872,Summer,614
2011-04-28,2,0,4,0,4,1,2,0.700833,0.320908,4058,Summer,613
2011-04-29,2,0,4,0,5,1,1,0.457083,0.240063,4595,Summer,612
2011-04-30,2,0,4,0,6,0,1,0.503333,0.235075,5312,Summer,611
2011-05-01,2,0,5,0,0,0,2,0.762083,0.106354,3351,Summer,610
2011-05-02,2,0,5,0,1,1,2,0.73,0.183454,4401,Summer,609
2011-05-03,2,0,5,0,2,1,2,0.697083,0.342667,4451,Summer,608
2011-05-04,2,0,5,0,3,1,2,0.737083,0.328996,2633,Summer,607
2011-05-05,2,0,5,0,4,1,1,0.444167,0.295392,4433,Summer,606
2011-05-06,2,0,5,0,5,1,1,0.59,0.228246,4608,Summer,605
2011-05-07,2,0,5,0,6,0,1,0.54125,0.16045,4714,Summer,604
2011-05-08,2,0,5,0,0,0,1,0.631667,0.0746375,4333,Summer,603
2011-05-09,2,0,5,0,1,1,1,0.58875,0.176,4362,Summer,602
2011-05-10,2,0,5,0,2,1,1,0.489167,0.115671,4803,Summer,601
2011-05-11,2,0,5,0,3,1,1,0.632917,0.120642,4182,Summer,600
2011-05-12,2,0,5,0,4,1,1,0.7475,0.189667,4864,Summer,599
2011-05-13,2,0,5,0,5,1,2,0.863333,0.179725,4105,Summer,598
2011-05-14,2,0,5,0,6,0,2,0.9225,0.13495,3409,Summer,597
2011-05-15,2,0,5,0,0,0,2,0.867083,0.152979,4553,Summer,596
2011-05-16,2,0,5,0,1,1,1,0.787917,0.126871,3958,Summer,595
2011-05-17,2,0,5,0,2,1,2,0.837917,0.277354,4123,Summer,594
2011-05-18,2,0,5,0,3,1,2,0.87,0.201492,3855,Summer,593
2011-05-19,2,0,5,0,4,1,2,0.829583,0.108213,4575,Summer,592
2011-05-20,2,0,5,0,5,1,1,0.719583,0.125013,4917,Summer,591
2011-05-21,2,0,5,0,6,0,1,0.626667,0.12065,5805,Summer,590
2011-05-22,2,0,5,0,0,0,1,0.749583,0.148008,4660,Summer,589
2011-05-23,2,0,5,0,1,1,2,0.81,0.233842,4274,Summer,588
2011-05-24,2,0,5,0,2,1,2,0.740833,0.207092,4492,Summer,587
2011-05-25,2,0,5,0,3,1,1,0.69625,0.154233,4978,Summer,586
2011-05-26,2,0,5,0,4,1,1,0.6775,0.199642,4677,Summer,585
2011-05-27,2,0,5,0,5,1,1,0.65375,0.240679,4679,Summer,584
2011-05-28,2,0,5,0,6,0,1,0.729583,0.230092,4758,Summer,583
2011-05-29,2,0,5,0,0,0,1,0.81875,0.213938,4788,Summer,582
2011-05-30,2,0,5,1,1,0,1,0.685,0.131225,4098,Summer,581
2011-05-31,2,0,5,0,2,1,1,0.636667,0.111329,3982,Summer,580
2011-06-01,2,0,6,0,3,1,2,0.677083,0.207092,3974,Summer,579
2011-06-02,2,0,6,0,4,1,1,0.305,0.292287,4968,Summer,578
2011-06-03,2,0,6,0,5,1,1,0.354167,0.253121,5312,Summer,577
2011-06-04,2,0,6,0,6,0,1,0.45625,0.123142,5342,Summer,576
2011-06-05,2,0,6,0,0,0,2,0.6525,0.138692,4906,Summer,575
2011-06-06,2,0,6,0,1,1,1,0.6,0.121896,4548,Summer,574
2011-06-07,2,0,6,0,2,1,1,0.597917,0.187808,4833,Summer,573
2011-06-08,2,0,6,0,3,1,1,0.622083,0.136817,4401,Summer,572
2011-06-09,2,0,6,0,4,1,2,0.568333,0.149883,3915,Summer,571
2011-06-10,2,0,6,0,5,1,1,0.605,0.140554,4586,Summer,570
2011-06-11,2,0,6,0,6,0,1,0.654583,0.15485,4966,Summer,569
2011-06-12,2,0,6,0,0,0,1,0.747917,0.163567,4460,Summer,568
2011-06-13,2,0,6,0,1,1,1,0.494583,0.30535,5020,Summer,567
2011-06-14,2,0,6,0,2,1,1,0.507083,0.269283,4891,Summer,566
2011-06-15,2,0,6,0,3,1,1,0.471667,0.167912,5180,Summer,565
2011-06-16,2,0,6,0,4,1,2,0.688333,0.206471,3767,Summer,564
2011-06-17,2,0,6,0,5,1,1,0.735833,0.143029,4844,Summer,563
2011-06-18,2,0,6,0,6,0,1,0.670417,0.119408,5119,Summer,562
2011-06-19,2,0,6,0,0,0,2,0.666667,0.102,4744,Summer,561
2011-06-20,2,0,6,0,1,1,2,0.74625,0.155475,4010,Summer,560
2011-06-21,3,0,6,0,2,1,2,0.770417,0.171025,4835,Fall,559
2011-06-22,3,0,6,0,3,1,1,0.7075,0.172262,4507,Fall,558
2011-06-23,3,0,6,0,4,1,2,0.703333,0.238804,4790,Fall,557
2011-06-24,3,0,6,0,5,1,1,0.573333,0.222025,4991,Fall,556
2011-06-25,3,0,6,0,6,0,1,0.483333,0.209571,5202,Fall,555
2011-06-26,3,0,6,0,0,0,1,0.513333,0.0945333,5305,Fall,554
2011-06-27,3,0,6,0,1,1,2,0.658333,0.107588,4708,Fall,553
2011-06-28,3,0,6,0,2,1,1,0.634167,0.144283,4648,Fall,552
2011-06-29,3,0,6,0,3,1,1,0.497917,0.261821,5225,Fall,551
2011-06-30,3,0,6,0,4,1,1,0.434167,0.185312,5515,Fall,550
2011-07-01,3,0,7,0,5,1,1,0.39625,0.102608,5362,Fall,549
2011-07-02,3,0,7,0,6,0,1,0.444583,0.115062,5119,Fall,548
2011-07-03,3,0,7,0,0,0,2,0.6825,0.228858,4649,Fall,547
2011-07-04,3,0,7,1,1,0,2,0.637917,0.0814792,6043,Fall,546
2011-07-05,3,0,7,0,2,1,1,0.590417,0.126258,4665,Fall,545
2011-07-06,3,0,7,0,3,1,1,0.743333,0.149883,4629,Fall,544
2011-07-07,3,0,7,0,4,1,1,0.65125,0.1592,4592,Fall,543
2011-07-08,3,0,7,0,5,1,2,0.757917,0.225129,4040,Fall,542
2011-07-09,3,0,7,0,6,0,1,0.609167,0.167912,5336,Fall,541
2011-07-10,3,0,7,0,0,0,1,0.578333,0.183471,4881,Fall,540
2011-07-11,3,0,7,0,1,1,1,0.635833,0.282337,4086,Fall,539
2011-07-12,3,0,7,0,2,1,1,0.559167,0.200254,4258,Fall,538
2011-07-13,3,0,7,0,3,1,1,0.631667,0.146133,4342,Fall,537
2011-07-14,3,0,7,0,4,1,1,0.47625,0.240667,5084,Fall,536
2011-07-15,3,0,7,0,5,1,1,0.59125,0.182833,5538,Fall,535
2011-07-16,3,0,7,0,6,0,1,0.585,0.208342,5923,Fall,534
2011-07-17,3,0,7,0,0,0,1,0.604167,0.245033,5302,Fall,533
2011-07-18,3,0,7,0,1,1,1,0.65125,0.215804,4458,Fall,532
2011-07-19,3,0,7,0,2,1,1,0.650417,0.1306,4541,Fall,531
2011-07-20,3,0,7,0,3,1,1,0.707083,0.113817,4332,Fall,530
2011-07-21,3,0,7,0,4,1,2,0.69125,0.222021,3784,Fall,529
2011-07-22,3,0,7,0,5,1,1,0.580417,0.1331,3387,Fall,528
2011-07-23,3,0,7,0,6,0,1,0.5,0.131221,3285,Fall,527
2011-07-24,3,0,7,0,0,0,1,0.550833,0.169171,3606,Fall,526
2011-07-25,3,0,7,0,1,1,1,0.757083,0.0908083,3840,Fall,525
2011-07-26,3,0,7,0,2,1,1,0.540833,0.200258,4590,Fall,524
2011-07-27,3,0,7,0,3,1,1,0.402917,0.183463,4656,Fall,523
2011-07-28,3,0,7,0,4,1,1,0.583333,0.178479,4390,Fall,522
2011-07-29,3,0,7,0,5,1,1,0.5425,0.174138,3846,Fall,521
2011-07-30,3,0,7,0,6,0,1,0.465833,0.168537,4475,Fall,520
2011-07-31,3,0,7,0,0,0,1,0.480833,0.164813,4302,Fall,519
2011-08-01,3,0,8,0,1,1,1,0.550833,0.156717,4266,Fall,518
2011-08-02,3,0,8,0,2,1,1,0.49125,0.20585,4845,Fall,517
2011-08-03,3,0,8,0,3,1,2,0.6575,0.135583,3574,Fall,516
2011-08-04,3,0,8,0,4,1,2,0.7575,0.19715,4576,Fall,515
2011-08-05,3,0,8,0,5,1,1,0.630833,0.184696,4866,Fall,514
2011-08-06,3,0,8,0,6,0,2,0.755,0.22825,4294,Fall,513
2011-08-07,3,0,8,0,0,0,1,0.752917,0.201487,3785,Fall,512
2011-08-08,3,0,8,0,1,1,1,0.592083,0.192175,4326,Fall,511
2011-08-09,3,0,8,0,2,1,1,0.570417,0.151121,4602,Fall,510
2011-08-10,3,0,8,0,3,1,1,0.424167,0.200258,4780,Fall,509
2011-08-11,3,0,8,0,4,1,1,0.42375,0.164796,4792,Fall,508
2011-08-12,3,0,8,0,5,1,1,0.415,0.125621,4905,Fall,507
2011-08-13,3,0,8,0,6,0,2,0.729583,0.211454,4150,Fall,506
2011-08-14,3,0,8,0,0,0,2,0.8175,0.222633,3820,Fall,505
2011-08-15,3,0,8,0,1,1,1,0.712083,0.208954,4338,Fall,504
2011-08-16,3,0,8,0,2,1,1,0.578333,0.236329,4725,Fall,503
2011-08-17,3,0,8,0,3,1,1,0.575417,0.143667,4694,Fall,502
2011-08-18,3,0,8,0,4,1,1,0.654583,0.233208,3805,Fall,501
2011-08-19,3,0,8,0,5,1,2,0.722917,0.139308,4153,Fall,500
2011-08-20,3,0,8,0,6,0,1,0.674167,0.104467,5191,Fall,499
2011-08-21,3,0,8,0,0,0,1,0.77,0.248754,3873,Fall,498
2011-08-22,3,0,8,0,1,1,1,0.47,0.27675,4758,Fall,497
2011-08-23,3,0,8,0,2,1,1,0.455417,0.146763,5895,Fall,496
2011-08-24,3,0,8,0,3,1,1,0.605,0.253108,5130,Fall,495
2011-08-25,3,0,8,0,4,1,2,0.771667,0.210833,3542,Fall,494
2011-08-26,3,0,8,0,5,1,1,0.76125,0.0839625,4661,Fall,493
2011-08-27,3,0,8,0,6,0,2,0.85,0.375617,1115,Fall,492
2011-08-28,3,0,8,0,0,0,1,0.561765,0.304659,4334,Fall,491
2011-08-29,3,0,8,0,1,1,1,0.554583,0.159825,4634,Fall,490
2011-08-30,3,0,8,0,2,1,1,0.548333,0.125008,5204,Fall,489
2011-08-31,3,0,8,0,3,1,1,0.597917,0.0833333,5058,Fall,488
2011-09-01,3,0,9,0,4,1,1,0.639167,0.141796,5115,Fall,487
2011-09-02,3,0,9,0,5,1,2,0.727083,0.139929,4727,Fall,486
2011-09-03,3,0,9,0,6,0,1,0.716667,0.185325,4484,Fall,485
2011-09-04,3,0,9,0,0,0,1,0.742083,0.206467,4940,Fall,484
2011-09-05,3,0,9,1,1,0,2,0.790417,0.212696,3351,Fall,483
2011-09-06,3,0,9,0,2,1,3,0.886957,0.343943,2710,Fall,482
2011-09-07,3,0,9,0,3,1,3,0.917083,0.0970208,1996,Fall,481
2011-09-08,3,0,9,0,4,1,3,0.939565,0.192748,1842,Fall,480
2011-09-09,3,0,9,0,5,1,2,0.897917,0.124379,3544,Fall,479
2011-09-10,3,0,9,0,6,0,1,0.75375,0.153608,5345,Fall,478
2011-09-11,3,0,9,0,0,0,1,0.71375,0.115054,5046,Fall,477
2011-09-12,3,0,9,0,1,1,1,0.692174,0.088913,4713,Fall,476
2011-09-13,3,0,9,0,2,1,1,0.7125,0.141804,4763,Fall,475
2011-09-14,3,0,9,0,3,1,1,0.697083,0.1673,4785,Fall,474
2011-09-15,3,0,9,0,4,1,2,0.709167,0.271146,3659,Fall,473
2011-09-16,3,0,9,0,5,1,2,0.590417,0.164183,4760,Fall,472
2011-09-17,3,0,9,0,6,0,2,0.718333,0.189675,4511,Fall,471
2011-09-18,3,0,9,0,0,0,1,0.695,0.178483,4274,Fall,470
2011-09-19,3,0,9,0,1,1,2,0.69,0.151742,4539,Fall,469
2011-09-20,3,0,9,0,2,1,2,0.88125,0.134954,3641,Fall,468
2011-09-21,3,0,9,0,3,1,2,0.9,0.0964042,4352,Fall,467
2011-09-22,3,0,9,0,4,1,2,0.902083,0.128125,4795,Fall,466
2011-09-23,4,0,9,0,5,1,2,0.9725,0.0783667,2395,Winter,465
2011-09-24,4,0,9,0,6,0,2,0.8625,0.0783833,5423,Winter,464
2011-09-25,4,0,9,0,0,0,2,0.845,0.0503792,5010,Winter,463
2011-09-26,4,0,9,0,1,1,2,0.848333,0.1107,4630,Winter,462
2011-09-27,4,0,9,0,2,1,2,0.885417,0.118171,4120,Winter,461
2011-09-28,4,0,9,0,3,1,2,0.84875,0.148629,3907,Winter,460
2011-09-29,4,0,9,0,4,1,1,0.699167,0.172883,4839,Winter,459
2011-09-30,4,0,9,0,5,1,1,0.6475,0.206475,5202,Winter,458
2011-10-01,4,0,10,0,6,0,2,0.75375,0.292296,2429,Winter,457
2011-10-02,4,0,10,0,0,0,2,0.791667,0.222013,2918,Winter,456
2011-10-03,4,0,10,0,1,1,2,0.760833,0.0833458,3570,Winter,455
2011-10-04,4,0,10,0,2,1,1,0.71,0.205854,4456,Winter,454
2011-10-05,4,0,10,0,3,1,1,0.647917,0.17725,4826,Winter,453
2011-10-06,4,0,10,0,4,1,1,0.620833,0.134954,4765,Winter,452
2011-10-07,4,0,10,0,5,1,1,0.684167,0.0223917,4985,Winter,451
2011-10-08,4,0,10,0,6,0,1,0.70125,0.0454042,5409,Winter,450
2011-10-09,4,0,10,0,0,0,1,0.7275,0.06345,5511,Winter,449
2011-10-10,4,0,10,1,1,0,1,0.73375,0.0423042,5117,Winter,448
2011-10-11,4,0,10,0,2,1,2,0.80875,0.143042,4563,Winter,447
2011-10-12,4,0,10,0,3,1,3,0.90625,0.24815,2416,Winter,446
2011-10-13,4,0,10,0,4,1,2,0.896667,0.141787,2913,Winter,445
2011-10-14,4,0,10,0,5,1,2,0.71625,0.223883,3644,Winter,444
2011-10-15,4,0,10,0,6,0,1,0.483333,0.258083,5217,Winter,443
2011-10-16,4,0,10,0,0,0,1,0.486667,0.281717,5041,Winter,442
2011-10-17,4,0,10,0,1,1,1,0.579583,0.175379,4570,Winter,441
2011-10-18,4,0,10,0,2,1,2,0.701667,0.110087,4748,Winter,440
2011-10-19,4,0,10,0,3,1,3,0.895217,0.243339,2424,Winter,439
2011-10-20,4,0,10,0,4,1,1,0.63625,0.422275,4195,Winter,438
2011-10-21,4,0,10,0,5,1,1,0.574167,0.221396,4304,Winter,437
2011-10-22,4,0,10,0,6,0,1,0.629167,0.0926667,4308,Winter,436
2011-10-23,4,0,10,0,0,0,1,0.74125,0.0995125,4381,Winter,435
2011-10-24,4,0,10,0,1,1,1,0.772083,0.118792,4187,Winter,434
2011-10-25,4,0,10,0,2,1,1,0.622917,0.166658,4687,Winter,433
2011-10-26,4,0,10,0,3,1,2,0.720417,0.148642,3894,Winter,432
2011-10-27,4,0,10,0,4,1,2,0.812917,0.197763,2659,Winter,431
2011-10-28,4,0,10,0,5,1,2,0.585833,0.229479,3747,Winter,430
2011-10-29,4,0,10,0,6,0,3,0.8825,0.351371,627,Winter,429
2011-10-30,4,0,10,0,0,0,1,0.62375,0.176617,3331,Winter,428
2011-10-31,4,0,10,0,1,1,1,0.703333,0.10635,3669,Winter,427
2011-11-01,4,0,11,0,2,1,1,0.68375,0.135571,4068,Winter,426
2011-11-02,4,0,11,0,3,1,1,0.71875,0.0820917,4186,Winter,425
2011-11-03,4,0,11,0,4,1,1,0.702083,0.136817,3974,Winter,424
2011-11-04,4,0,11,0,5,1,2,0.6225,0.271779,4046,Winter,423
2011-11-05,4,0,11,0,6,0,1,0.519167,0.189062,3926,Winter,422
2011-11-06,4,0,11,0,0,0,1,0.734583,0.0920542,3649,Winter,421
2011-11-07,4,0,11,0,1,1,1,0.75875,0.057225,4035,Winter,420
2011-11-08,4,0,11,0,2,1,1,0.721667,0.0690375,4205,Winter,419
2011-11-09,4,0,11,0,3,1,1,0.758333,0.0621958,4109,Winter,418
2011-11-10,4,0,11,0,4,1,2,0.813333,0.189067,2933,Winter,417
2011-11-11,4,0,11,1,5,0,1,0.44625,0.314675,3368,Winter,416
2011-11-12,4,0,11,0,6,0,1,0.552917,0.212062,4067,Winter,415
2011-11-13,4,0,11,0,0,0,1,0.458333,0.281721,3717,Winter,414
2011-11-14,4,0,11,0,1,1,1,0.587083,0.306596,4486,Winter,413
2011-11-15,4,0,11,0,2,1,2,0.68875,0.199633,4195,Winter,412
2011-11-16,4,0,11,0,3,1,3,0.93,0.136829,1817,Winter,411
2011-11-17,4,0,11,0,4,1,2,0.575833,0.305362,3053,Winter,410
2011-11-18,4,0,11,0,5,1,1,0.41,0.168533,3392,Winter,409
2011-11-19,4,0,11,0,6,0,1,0.502083,0.224496,3663,Winter,408
2011-11-20,4,0,11,0,0,0,2,0.684583,0.18595,3520,Winter,407
2011-11-21,4,0,11,0,1,1,3,0.91,0.138054,2765,Winter,406
2011-11-22,4,0,11,0,2,1,3,0.9625,0.118792,1607,Winter,405
2011-11-23,4,0,11,0,3,1,2,0.757917,0.335825,2566,Winter,404
2011-11-24,4,0,11,1,4,0,1,0.549167,0.167304,1495,Winter,403
2011-11-25,4,0,11,0,5,1,1,0.64375,0.0988958,2792,Winter,402
2011-11-26,4,0,11,0,6,0,1,0.681667,0.0684208,3068,Winter,401
2011-11-27,4,0,11,0,0,0,1,0.698333,0.208954,3071,Winter,400
2011-11-28,4,0,11,0,1,1,1,0.743043,0.142122,3867,Winter,399
2011-11-29,4,0,11,0,2,1,2,0.830833,0.258092,2914,Winter,398
2011-11-30,4,0,11,0,3,1,1,0.613333,0.271158,3613,Winter,397
2011-12-01,4,0,12,0,4,1,1,0.524583,0.220158,3727,Winter,396
2011-12-02,4,0,12,0,5,1,1,0.625833,0.100754,3940,Winter,395
2011-12-03,4,0,12,0,6,0,1,0.612917,0.0957833,3614,Winter,394
2011-12-04,4,0,12,0,0,0,1,0.775833,0.0839583,3485,Winter,393
2011-12-05,4,0,12,0,1,1,2,0.827083,0.0622083,3811,Winter,392
2011-12-06,4,0,12,0,2,1,3,0.949583,0.232583,2594,Winter,391
2011-12-07,4,0,12,0,3,1,3,0.970417,0.266175,705,Winter,390
2011-12-08,4,0,12,0,4,1,1,0.58,0.240058,3322,Winter,389
2011-12-09,4,0,12,0,5,1,1,0.695833,0.0827167,3620,Winter,388
2011-12-10,4,0,12,0,6,0,1,0.5075,0.233221,3190,Winter,387
2011-12-11,4,0,12,0,0,0,1,0.49,0.0665417,2743,Winter,386
2011-12-12,4,0,12,0,1,1,1,0.670833,0.06345,3310,Winter,385
2011-12-13,4,0,12,0,2,1,1,0.59,0.14055,3523,Winter,384
2011-12-14,4,0,12,0,3,1,2,0.66375,0.0609583,3740,Winter,383
2011-12-15,4,0,12,0,4,1,2,0.634167,0.268042,3709,Winter,382
2011-12-16,4,0,12,0,5,1,2,0.500417,0.260575,3577,Winter,381
2011-12-17,4,0,12,0,6,0,2,0.560833,0.243167,2739,Winter,380
2011-12-18,4,0,12,0,0,0,1,0.58625,0.169779,2431,Winter,379
2011-12-19,4,0,12,0,1,1,1,0.6375,0.172896,3403,Winter,378
2011-12-20,4,0,12,0,2,1,2,0.595417,0.0615708,3750,Winter,377
2011-12-21,1,0,12,0,3,1,2,0.858333,0.2214,2660,Spring,376
2011-12-22,1,0,12,0,4,1,2,0.7575,0.047275,3068,Spring,375
2011-12-23,1,0,12,0,5,1,1,0.68625,0.274246,2209,Spring,374
2011-12-24,1,0,12,0,6,0,1,0.5425,0.190304,1011,Spring,373
2011-12-25,1,0,12,0,0,0,1,0.681304,0.155091,754,Spring,372
2011-12-26,1,0,12,1,1,0,1,0.506957,0.239465,1317,Spring,371
2011-12-27,1,0,12,0,2,1,2,0.7625,0.18845,1162,Spring,370
2011-12-28,1,0,12,0,3,1,1,0.503913,0.293961,2302,Spring,369
2011-12-29,1,0,12,0,4,1,1,0.574167,0.119412,2423,Spring,368
2011-12-30,1,0,12,0,5,1,1,0.636667,0.134337,2999,Spring,367
2011-12-31,1,0,12,0,6,0,1,0.615833,0.220154,2485,Spring,366
2012-01-01,1,1,1,0,0,0,1,0.6925,0.192167,2294,Spring,365
2012-01-02,1,1,1,1,1,0,1,0.381304,0.329665,1951,Spring,364
2012-01-03,1,1,1,0,2,1,1,0.44125,0.365671,2236,Spring,363
2012-01-04,1,1,1,0,3,1,2,0.414583,0.1847,2368,Spring,362
2012-01-05,1,1,1,0,4,1,1,0.524167,0.129987,3272,Spring,361
2012-01-06,1,1,1,0,5,1,1,0.542083,0.167908,4098,Spring,360
2012-01-07,1,1,1,0,6,0,1,0.531667,0.174758,4521,Spring,359
2012-01-08,1,1,1,0,0,0,1,0.465,0.191542,3425,Spring,358
2012-01-09,1,1,1,0,1,1,2,0.701667,0.0989,2376,Spring,357
2012-01-10,1,1,1,0,2,1,1,0.646522,0.187552,3598,Spring,356
2012-01-11,1,1,1,0,3,1,2,0.8475,0.131221,2177,Spring,355
2012-01-12,1,1,1,0,4,1,2,0.802917,0.180967,4097,Spring,354
2012-01-13,1,1,1,0,5,1,1,0.5075,0.378108,3214,Spring,353
2012-01-14,1,1,1,0,6,0,1,0.4575,0.187183,2493,Spring,352
2012-01-15,1,1,1,0,0,0,1,0.419167,0.251258,2311,Spring,351
2012-01-16,1,1,1,1,1,0,1,0.5225,0.231358,2298,Spring,350
2012-01-17,1,1,1,0,2,1,2,0.716087,0.34913,2935,Spring,349
2012-01-18,1,1,1,0,3,1,1,0.443333,0.415429,3376,Spring,348
2012-01-19,1,1,1,0,4,1,1,0.4975,0.220158,3292,Spring,347
2012-01-20,1,1,1,0,5,1,2,0.45,0.20275,3163,Spring,346
2012-01-21,1,1,1,0,6,0,2,0.83125,0.222642,1301,Spring,345
2012-01-22,1,1,1,0,0,0,2,0.79625,0.199638,1977,Spring,344
2012-01-23,1,1,1,0,1,1,2,0.91125,0.110708,2432,Spring,343
2012-01-24,1,1,1,0,2,1,1,0.835833,0.123767,4339,Spring,342
2012-01-25,1,1,1,0,3,1,1,0.64375,0.161071,4270,Spring,341
2012-01-26,1,1,1,0,4,1,2,0.769583,0.0733958,4075,Spring,340
2012-01-27,1,1,1,0,5,1,2,0.74125,0.342667,3456,Spring,339
2012-01-28,1,1,1,0,6,0,1,0.543333,0.210829,4023,Spring,338
2012-01-29,1,1,1,0,0,0,1,0.31125,0.24005,3243,Spring,337
2012-01-30,1,1,1,0,1,1,1,0.400833,0.215792,3624,Spring,336
2012-01-31,1,1,1,0,2,1,1,0.416667,0.261817,4509,Spring,335
2012-02-01,1,1,2,0,3,1,1,0.507917,0.189067,4579,Spring,334
2012-02-02,1,1,2,0,4,1,2,0.672917,0.187187,3761,Spring,333
2012-02-03,1,1,2,0,5,1,1,0.526667,0.178496,4151,Spring,332
2012-02-04,1,1,2,0,6,0,2,0.779583,0.121896,2832,Spring,331
2012-02-05,1,1,2,0,0,0,2,0.687917,0.175996,2947,Spring,330
2012-02-06,1,1,2,0,1,1,1,0.622174,0.1538,3784,Spring,329
2012-02-07,1,1,2,0,2,1,1,0.49625,0.147379,4375,Spring,328
2012-02-08,1,1,2,0,3,1,2,0.722917,0.133721,2802,Spring,327
2012-02-09,1,1,2,0,4,1,1,0.562083,0.194037,3830,Spring,326
2012-02-10,1,1,2,0,5,1,2,0.54,0.116929,3831,Spring,325
2012-02-11,1,1,2,0,6,0,3,0.73125,0.289796,2169,Spring,324
2012-02-12,1,1,2,0,0,0,1,0.464583,0.409212,1529,Spring,323
2012-02-13,1,1,2,0,1,1,1,0.41125,0.167283,3422,Spring,322
2012-02-14,1,1,2,0,2,1,2,0.50875,0.141179,3922,Spring,321
2012-02-15,1,1,2,0,3,1,1,0.53125,0.1816,4169,Spring,320
2012-02-16,1,1,2,0,4,1,2,0.752917,0.091425,3005,Spring,319
2012-02-17,1,1,2,0,5,1,1,0.634583,0.205846,4154,Spring,318
2012-02-18,1,1,2,0,6,0,1,0.534583,0.190929,4318,Spring,317
2012-02-19,1,1,2,0,0,0,2,0.515833,0.253112,2689,Spring,316
2012-02-20,1,1,2,1,1,0,1,0.507826,0.229083,3129,Spring,315
2012-02-21,1,1,2,0,2,1,1,0.594348,0.205717,3777,Spring,314
2012-02-22,1,1,2,0,3,1,1,0.567917,0.234471,4773,Spring,313
2012-02-23,1,1,2,0,4,1,1,0.554583,0.190913,5062,Spring,312
2012-02-24,1,1,2,0,5,1,2,0.7375,0.237567,3487,Spring,311
2012-02-25,1,1,2,0,6,0,1,0.395833,0.421642,2732,Spring,310
2012-02-26,1,1,2,0,0,0,1,0.41,0.205229,3389,Spring,309
2012-02-27,1,1,2,0,1,1,1,0.490833,0.268033,4322,Spring,308
2012-02-28,1,1,2,0,2,1,1,0.395833,0.193417,4363,Spring,307
2012-02-29,1,1,2,0,3,1,2,0.804783,0.179117,1834,Spring,306
2012-03-01,1,1,3,0,4,1,1,0.615417,0.226987,4990,Spring,305
2012-03-02,1,1,3,0,5,1,2,0.657083,0.144904,3194,Spring,304
2012-03-03,1,1,3,0,6,0,2,0.62125,0.161079,4066,Spring,303
2012-03-04,1,1,3,0,0,0,1,0.403333,0.334571,3423,Spring,302
2012-03-05,1,1,3,0,1,1,1,0.50625,0.228858,3333,Spring,301
2012-03-06,1,1,3,0,2,1,1,0.456667,0.200875,3956,Spring,300
2012-03-07,1,1,3,0,3,1,1,0.513333,0.345779,4916,Spring,299
2012-03-08,1,1,3,0,4,1,1,0.5675,0.441563,5382,Spring,298
2012-03-09,1,1,3,0,5,1,2,0.407083,0.4148,4569,Spring,297
2012-03-10,1,1,3,0,6,0,1,0.350417,0.22575,4118,Spring,296
2012-03-11,1,1,3,0,0,0,1,0.476957,0.222587,4911,Spring,295
2012-03-12,1,1,3,0,1,1,1,0.489167,0.207713,5298,Spring,294
2012-03-13,1,1,3,0,2,1,1,0.6175,0.23695,5847,Spring,293
2012-03-14,1,1,3,0,3,1,1,0.507083,0.115062,6312,Spring,292
2012-03-15,1,1,3,0,4,1,1,0.579583,0.149883,6192,Spring,291
2012-03-16,1,1,3,0,5,1,2,0.842083,0.113192,4378,Spring,290
2012-03-17,1,1,3,0,6,0,2,0.755833,0.110704,7836,Spring,289
2012-03-18,1,1,3,0,0,0,2,0.81,0.126883,5892,Spring,288
2012-03-19,1,1,3,0,1,1,1,0.72875,0.162317,6153,Spring,287
2012-03-20,1,1,3,0,2,1,1,0.807917,0.121271,6093,Spring,286
2012-03-21,2,1,3,0,3,1,2,0.82125,0.0895583,6230,Summer,285
2012-03-22,2,1,3,0,4,1,1,0.83125,0.117562,6871,Summer,284
2012-03-23,2,1,3,0,5,1,2,0.694167,0.1163,8362,Summer,283
2012-03-24,2,1,3,0,6,0,2,0.885417,0.192783,3372,Summer,282
2012-03-25,2,1,3,0,0,0,2,0.880833,0.220775,4996,Summer,281
2012-03-26,2,1,3,0,1,1,1,0.477917,0.386821,5558,Summer,280
2012-03-27,2,1,3,0,2,1,1,0.29,0.187192,5102,Summer,279
2012-03-28,2,1,3,0,3,1,1,0.48125,0.291671,5698,Summer,278
2012-03-29,2,1,3,0,4,1,1,0.439167,0.31965,6133,Summer,277
2012-03-30,2,1,3,0,5,1,2,0.580833,0.138067,5459,Summer,276
2012-03-31,2,1,3,0,6,0,2,0.738333,0.250617,6235,Summer,275
2012-04-01,2,1,4,0,0,0,2,0.67625,0.172267,6041,Summer,274
2012-04-02,2,1,4,0,1,1,1,0.504348,0.312139,5936,Summer,273
2012-04-03,2,1,4,0,2,1,1,0.396667,0.100133,6772,Summer,272
2012-04-04,2,1,4,0,3,1,1,0.469583,0.180975,6436,Summer,271
2012-04-05,2,1,4,0,4,1,1,0.374167,0.219529,6457,Summer,270
2012-04-06,2,1,4,0,5,1,1,0.377083,0.300388,6460,Summer,269
2012-04-07,2,1,4,0,6,0,1,0.254167,0.274871,6857,Summer,268
2012-04-08,2,1,4,0,0,0,1,0.275833,0.232596,5169,Summer,267
2012-04-09,2,1,4,0,1,1,1,0.3175,0.358196,5585,Summer,266
2012-04-10,2,1,4,0,2,1,1,0.435,0.249375,5918,Summer,265
2012-04-11,2,1,4,0,3,1,1,0.469565,0.295274,4862,Summer,264
2012-04-12,2,1,4,0,4,1,1,0.46625,0.290429,5409,Summer,263
2012-04-13,2,1,4,0,5,1,1,0.408333,0.155471,6398,Summer,262
2012-04-14,2,1,4,0,6,0,1,0.502917,0.190917,7460,Summer,261
2012-04-15,2,1,4,0,0,0,1,0.507917,0.225129,7132,Summer,260
2012-04-16,2,1,4,1,1,0,1,0.561667,0.284829,6370,Summer,259
2012-04-17,2,1,4,0,2,1,1,0.390417,0.273629,6691,Summer,258
2012-04-18,2,1,4,0,3,1,2,0.569167,0.167912,4367,Summer,257
2012-04-19,2,1,4,0,4,1,1,0.6125,0.0659292,6565,Summer,256
2012-04-20,2,1,4,0,5,1,1,0.694583,0.149871,7290,Summer,255
2012-04-21,2,1,4,0,6,0,1,0.682917,0.283587,6624,Summer,254
2012-04-22,2,1,4,0,0,0,3,0.835417,0.344546,1027,Summer,253
2012-04-23,2,1,4,0,1,1,2,0.766667,0.303496,3214,Summer,252
2012-04-24,2,1,4,0,2,1,1,0.454167,0.249383,5633,Summer,251
2012-04-25,2,1,4,0,3,1,1,0.427917,0.118792,6196,Summer,250
2012-04-26,2,1,4,0,4,1,2,0.756667,0.176625,5026,Summer,249
2012-04-27,2,1,4,0,5,1,1,0.400833,0.347633,6233,Summer,248
2012-04-28,2,1,4,0,6,0,2,0.489583,0.129975,4220,Summer,247
2012-04-29,2,1,4,0,0,0,1,0.587083,0.116908,6304,Summer,246
2012-04-30,2,1,4,0,1,1,2,0.57,0.171638,5572,Summer,245
2012-05-01,2,1,5,0,2,1,2,0.659583,0.156096,5740,Summer,244
2012-05-02,2,1,5,0,3,1,1,0.797083,0.138058,6169,Summer,243
2012-05-03,2,1,5,0,4,1,2,0.768333,0.133696,6421,Summer,242
2012-05-04,2,1,5,0,5,1,1,0.735417,0.162938,6296,Summer,241
2012-05-05,2,1,5,0,6,0,2,0.756667,0.152992,6883,Summer,240
2012-05-06,2,1,5,0,0,0,2,0.74,0.149879,6359,Summer,239
2012-05-07,2,1,5,0,1,1,2,0.664167,0.230721,6273,Summer,238
2012-05-08,2,1,5,0,2,1,2,0.685833,0.296029,5728,Summer,237
2012-05-09,2,1,5,0,3,1,2,0.744167,0.216412,4717,Summer,236
2012-05-10,2,1,5,0,4,1,1,0.552083,0.314063,6572,Summer,235
2012-05-11,2,1,5,0,5,1,1,0.360417,0.236937,7030,Summer,234
2012-05-12,2,1,5,0,6,0,1,0.480417,0.123133,7429,Summer,233
2012-05-13,2,1,5,0,0,0,1,0.57625,0.225117,6118,Summer,232
2012-05-14,2,1,5,0,1,1,2,0.789583,0.212692,2843,Summer,231
2012-05-15,2,1,5,0,2,1,2,0.794583,0.147392,5115,Summer,230
2012-05-16,2,1,5,0,3,1,1,0.697917,0.122512,7424,Summer,229
2012-05-17,2,1,5,0,4,1,1,0.52,0.229475,7384,Summer,228
2012-05-18,2,1,5,0,5,1,1,0.523333,0.136817,7639,Summer,227
2012-05-19,2,1,5,0,6,0,1,0.45625,0.083975,8294,Summer,226
2012-05-20,2,1,5,0,0,0,1,0.530417,0.254367,7129,Summer,225
2012-05-21,2,1,5,0,1,1,2,0.81125,0.233204,4359,Summer,224
2012-05-22,2,1,5,0,2,1,2,0.765833,0.118167,6073,Summer,223
2012-05-23,2,1,5,0,3,1,2,0.774583,0.102,5260,Summer,222
2012-05-24,2,1,5,0,4,1,1,0.716667,0.172896,6770,Summer,221
2012-05-25,2,1,5,0,5,1,1,0.747083,0.14055,6734,Summer,220
2012-05-26,2,1,5,0,6,0,1,0.7325,0.198992,6536,Summer,219
2012-05-27,2,1,5,0,0,0,1,0.697083,0.215171,6591,Summer,218
2012-05-28,2,1,5,1,1,0,1,0.67625,0.196521,6043,Summer,217
2012-05-29,2,1,5,0,2,1,1,0.684583,0.2954,5743,Summer,216
2012-05-30,2,1,5,0,3,1,2,0.67,0.134329,6855,Summer,215
2012-05-31,2,1,5,0,4,1,1,0.492917,0.195279,7338,Summer,214
2012-06-01,2,1,6,0,5,1,2,0.755417,0.237563,4127,Summer,213
2012-06-02,2,1,6,0,6,0,1,0.549167,0.186562,8120,Summer,212
2012-06-03,2,1,6,0,0,0,1,0.493333,0.184087,7641,Summer,211
2012-06-04,2,1,6,0,1,1,1,0.487083,0.284833,6998,Summer,210
2012-06-05,2,1,6,0,2,1,2,0.613333,0.209575,7001,Summer,209
2012-06-06,2,1,6,0,3,1,1,0.61125,0.077125,7055,Summer,208
2012-06-07,2,1,6,0,4,1,1,0.567083,0.15735,7494,Summer,207
2012-06-08,2,1,6,0,5,1,1,0.467917,0.175383,7736,Summer,206
2012-06-09,2,1,6,0,6,0,1,0.437083,0.144287,7498,Summer,205
2012-06-10,2,1,6,0,0,0,1,0.538333,0.133721,6598,Summer,204
2012-06-11,2,1,6,0,1,1,2,0.587917,0.207713,6664,Summer,203
2012-06-12,2,1,6,0,2,1,2,0.833333,0.214546,4972,Summer,202
2012-06-13,2,1,6,0,3,1,1,0.582083,0.343279,7421,Summer,201
2012-06-14,2,1,6,0,4,1,1,0.569583,0.253733,7363,Summer,200
2012-06-15,2,1,6,0,5,1,1,0.589583,0.176617,7665,Summer,199
2012-06-16,2,1,6,0,6,0,1,0.504167,0.166667,7702,Summer,198
2012-06-17,2,1,6,0,0,0,1,0.59875,0.144904,6978,Summer,197
2012-06-18,2,1,6,0,1,1,2,0.777917,0.174746,5099,Summer,196
2012-06-19,2,1,6,0,2,1,1,0.69,0.148017,6825,Summer,195
2012-06-20,2,1,6,0,3,1,1,0.592083,0.113812,6211,Summer,194
2012-06-21,3,1,6,0,4,1,1,0.567917,0.118787,5905,Fall,193
2012-06-22,3,1,6,0,5,1,1,0.57375,0.182842,5823,Fall,192
2012-06-23,3,1,6,0,6,0,1,0.534583,0.179721,7458,Fall,191
2012-06-24,3,1,6,0,0,0,1,0.479167,0.145525,6891,Fall,190
2012-06-25,3,1,6,0,1,1,1,0.504167,0.300383,6779,Fall,189
2012-06-26,3,1,6,0,2,1,1,0.373333,0.347642,7442,Fall,188
2012-06-27,3,1,6,0,3,1,1,0.36,0.271775,7335,Fall,187
2012-06-28,3,1,6,0,4,1,1,0.4225,0.17165,6879,Fall,186
2012-06-29,3,1,6,0,5,1,1,0.48875,0.165417,5463,Fall,185
2012-06-30,3,1,6,0,6,0,1,0.60125,0.161071,5687,Fall,184
2012-07-01,3,1,7,0,0,0,1,0.51875,0.168529,5531,Fall,183
2012-07-02,3,1,7,0,1,1,1,0.447083,0.195267,6227,Fall,182
2012-07-03,3,1,7,0,2,1,1,0.492083,0.126237,6660,Fall,181
2012-07-04,3,1,7,1,3,0,1,0.53875,0.13495,7403,Fall,180
2012-07-05,3,1,7,0,4,1,1,0.457917,0.194029,6241,Fall,179
2012-07-06,3,1,7,0,5,1,1,0.450833,0.146142,6207,Fall,178
2012-07-07,3,1,7,0,6,0,1,0.492083,0.163554,4840,Fall,177
2012-07-08,3,1,7,0,0,0,1,0.57375,0.125629,4672,Fall,176
2012-07-09,3,1,7,0,1,1,2,0.683333,0.180975,6569,Fall,175
2012-07-10,3,1,7,0,2,1,2,0.6675,0.151737,6290,Fall,174
2012-07-11,3,1,7,0,3,1,1,0.633333,0.151733,7264,Fall,173
2012-07-12,3,1,7,0,4,1,1,0.529583,0.146775,7446,Fall,172
2012-07-13,3,1,7,0,5,1,2,0.485833,0.08085,7499,Fall,171
2012-07-14,3,1,7,0,6,0,2,0.699167,0.143679,6969,Fall,170
2012-07-15,3,1,7,0,0,0,1,0.717917,0.166667,6031,Fall,169
2012-07-16,3,1,7,0,1,1,1,0.645,0.164187,6830,Fall,168
2012-07-17,3,1,7,0,2,1,1,0.505833,0.114429,6786,Fall,167
2012-07-18,3,1,7,0,3,1,1,0.577083,0.137442,5713,Fall,166
2012-07-19,3,1,7,0,4,1,1,0.600417,0.165429,6591,Fall,165
2012-07-20,3,1,7,0,5,1,2,0.844167,0.208967,5870,Fall,164
2012-07-21,3,1,7,0,6,0,3,0.865417,0.2133,4459,Fall,163
2012-07-22,3,1,7,0,0,0,2,0.7625,0.0939208,7410,Fall,162
2012-07-23,3,1,7,0,1,1,1,0.694167,0.138683,6966,Fall,161
2012-07-24,3,1,7,0,2,1,1,0.655,0.211454,7592,Fall,160
2012-07-25,3,1,7,0,3,1,1,0.45,0.1648,8173,Fall,159
2012-07-26,3,1,7,0,4,1,1,0.596667,0.284813,6861,Fall,158
2012-07-27,3,1,7,0,5,1,1,0.594583,0.152992,6904,Fall,157
2012-07-28,3,1,7,0,6,0,1,0.613333,0.15735,6685,Fall,156
2012-07-29,3,1,7,0,0,0,1,0.62375,0.170396,6597,Fall,155
2012-07-30,3,1,7,0,1,1,1,0.66875,0.153617,7105,Fall,154
2012-07-31,3,1,7,0,2,1,1,0.704167,0.165425,7216,Fall,153
2012-08-01,3,1,8,0,3,1,1,0.6775,0.141179,7580,Fall,152
2012-08-02,3,1,8,0,4,1,1,0.659583,0.129354,7261,Fall,151
2012-08-03,3,1,8,0,5,1,2,0.6425,0.215792,7175,Fall,150
2012-08-04,3,1,8,0,6,0,1,0.613333,0.257458,6824,Fall,149
2012-08-05,3,1,8,0,0,0,1,0.6525,0.290421,5464,Fall,148
2012-08-06,3,1,8,0,1,1,2,0.654167,0.129354,7013,Fall,147
2012-08-07,3,1,8,0,2,1,2,0.70375,0.116908,7273,Fall,146
2012-08-08,3,1,8,0,3,1,2,0.672917,0.1107,7534,Fall,145
2012-08-09,3,1,8,0,4,1,1,0.620417,0.1561,7286,Fall,144
2012-08-10,3,1,8,0,5,1,2,0.715833,0.238813,5786,Fall,143
2012-08-11,3,1,8,0,6,0,2,0.732917,0.206479,6299,Fall,142
2012-08-12,3,1,8,0,0,0,1,0.530417,0.122512,6544,Fall,141
2012-08-13,3,1,8,0,1,1,1,0.545417,0.136212,6883,Fall,140
2012-08-14,3,1,8,0,2,1,1,0.686667,0.169158,6784,Fall,139
2012-08-15,3,1,8,0,3,1,1,0.619583,0.169771,7347,Fall,138
2012-08-16,3,1,8,0,4,1,1,0.519167,0.141796,7605,Fall,137
2012-08-17,3,1,8,0,5,1,1,0.570833,0.231354,7148,Fall,136
2012-08-18,3,1,8,0,6,0,1,0.603333,0.177867,7865,Fall,135
2012-08-19,3,1,8,0,0,0,2,0.711667,0.08645,4549,Fall,134
2012-08-20,3,1,8,0,1,1,2,0.734167,0.129979,6530,Fall,133
2012-08-21,3,1,8,0,2,1,1,0.67375,0.0727708,7006,Fall,132
2012-08-22,3,1,8,0,3,1,1,0.677083,0.0702833,7375,Fall,131
2012-08-23,3,1,8,0,4,1,1,0.635833,0.0845958,7765,Fall,130
2012-08-24,3,1,8,0,5,1,2,0.615,0.0721458,7582,Fall,129
2012-08-25,3,1,8,0,6,0,2,0.712917,0.244408,6053,Fall,128
2012-08-26,3,1,8,0,0,0,2,0.845833,0.228858,5255,Fall,127
2012-08-27,3,1,8,0,1,1,1,0.730417,0.128733,6917,Fall,126
2012-08-28,3,1,8,0,2,1,1,0.62,0.190925,7040,Fall,125
2012-08-29,3,1,8,0,3,1,1,0.552083,0.112562,7697,Fall,124
2012-08-30,3,1,8,0,4,1,1,0.590417,0.0771167,7713,Fall,123
2012-08-31,3,1,8,0,5,1,1,0.5875,0.168533,7350,Fall,122
2012-09-01,3,1,9,0,6,0,2,0.638333,0.113187,6140,Fall,121
2012-09-02,3,1,9,0,0,0,2,0.815,0.0640708,5810,Fall,120
2012-09-03,3,1,9,1,1,0,1,0.790833,0.151121,6034,Fall,119
2012-09-04,3,1,9,0,2,1,1,0.755,0.236321,6864,Fall,118
2012-09-05,3,1,9,0,3,1,1,0.74125,0.187808,7112,Fall,117
2012-09-06,3,1,9,0,4,1,2,0.810417,0.142421,6203,Fall,116
2012-09-07,3,1,9,0,5,1,1,0.73625,0.171646,7504,Fall,115
2012-09-08,3,1,9,0,6,0,2,0.799167,0.281104,5976,Fall,114
2012-09-09,3,1,9,0,0,0,1,0.5475,0.224496,8227,Fall,113
2012-09-10,3,1,9,0,1,1,1,0.50375,0.258713,7525,Fall,112
2012-09-11,3,1,9,0,2,1,1,0.52,0.0920542,7767,Fall,111
2012-09-12,3,1,9,0,3,1,1,0.577083,0.131846,7870,Fall,110
2012-09-13,3,1,9,0,4,1,1,0.637083,0.0827208,7804,Fall,109
2012-09-14,3,1,9,0,5,1,1,0.6725,0.103863,8009,Fall,108
2012-09-15,3,1,9,0,6,0,1,0.501667,0.247521,8714,Fall,107
2012-09-16,3,1,9,0,0,0,1,0.57,0.0901833,7333,Fall,106
2012-09-17,3,1,9,0,1,1,2,0.734583,0.151742,6869,Fall,105
2012-09-18,3,1,9,0,2,1,2,0.8725,0.357587,4073,Fall,104
2012-09-19,3,1,9,0,3,1,1,0.536667,0.215175,7591,Fall,103
2012-09-20,3,1,9,0,4,1,1,0.618333,0.118167,7720,Fall,102
2012-09-21,3,1,9,0,5,1,1,0.66875,0.154229,8167,Fall,101
2012-09-22,3,1,9,0,6,0,1,0.646667,0.283583,8395,Fall,100
2012-09-23,4,1,9,0,0,0,1,0.467083,0.223258,7907,Winter,99
2012-09-24,4,1,9,0,1,1,1,0.492917,0.142404,7436,Winter,98
2012-09-25,4,1,9,0,2,1,1,0.57,0.236321,7538,Winter,97
2012-09-26,4,1,9,0,3,1,1,0.630833,0.2444,7733,Winter,96
2012-09-27,4,1,9,0,4,1,2,0.690833,0.134342,7393,Winter,95
2012-09-28,4,1,9,0,5,1,2,0.69,0.164179,7415,Winter,94
2012-09-29,4,1,9,0,6,0,1,0.542917,0.227604,8555,Winter,93
2012-09-30,4,1,9,0,0,0,1,0.583333,0.134958,6889,Winter,92
2012-10-01,4,1,10,0,1,1,2,0.649167,0.0908042,6778,Winter,91
2012-10-02,4,1,10,0,2,1,3,0.871667,0.104475,4639,Winter,90
2012-10-03,4,1,10,0,3,1,2,0.79375,0.0665458,7572,Winter,89
2012-10-04,4,1,10,0,4,1,2,0.722917,0.117546,7328,Winter,88
2012-10-05,4,1,10,0,5,1,1,0.6275,0.10635,8156,Winter,87
2012-10-06,4,1,10,0,6,0,1,0.664167,0.268025,7965,Winter,86
2012-10-07,4,1,10,0,0,0,2,0.708333,0.141162,3510,Winter,85
2012-10-08,4,1,10,1,1,0,2,0.709583,0.189679,5478,Winter,84
2012-10-09,4,1,10,0,2,1,2,0.761667,0.1903,6392,Winter,83
2012-10-10,4,1,10,0,3,1,1,0.630833,0.187821,7691,Winter,82
2012-10-11,4,1,10,0,4,1,1,0.463333,0.181596,7570,Winter,81
2012-10-12,4,1,10,0,5,1,1,0.539167,0.235092,7282,Winter,80
2012-10-13,4,1,10,0,6,0,1,0.494583,0.146142,7109,Winter,79
2012-10-14,4,1,10,0,0,0,1,0.640417,0.278612,6639,Winter,78
2012-10-15,4,1,10,0,1,1,2,0.7075,0.296037,5875,Winter,77
2012-10-16,4,1,10,0,2,1,1,0.558333,0.182221,7534,Winter,76
2012-10-17,4,1,10,0,3,1,1,0.692917,0.101371,7461,Winter,75
2012-10-18,4,1,10,0,4,1,2,0.728333,0.236937,7509,Winter,74
2012-10-19,4,1,10,0,5,1,2,0.815,0.134954,5424,Winter,73
2012-10-20,4,1,10,0,6,0,1,0.572917,0.117537,8090,Winter,72
2012-10-21,4,1,10,0,0,0,1,0.51,0.166054,6824,Winter,71
2012-10-22,4,1,10,0,1,1,1,0.568333,0.0814833,7058,Winter,70
2012-10-23,4,1,10,0,2,1,1,0.641667,0.0945458,7466,Winter,69
2012-10-24,4,1,10,0,3,1,1,0.63625,0.0727792,7693,Winter,68
2012-10-25,4,1,10,0,4,1,2,0.800417,0.124375,7359,Winter,67
2012-10-26,4,1,10,0,5,1,2,0.807083,0.132467,7444,Winter,66
2012-10-27,4,1,10,0,6,0,2,0.72,0.235692,7852,Winter,65
2012-10-28,4,1,10,0,0,0,2,0.694583,0.398008,4459,Winter,64
2012-10-29,4,1,10,0,1,1,3,0.88,0.3582,22,Winter,63
2012-10-30,4,1,10,0,2,1,2,0.825455,0.213009,1096,Winter,62
2012-10-31,4,1,10,0,3,1,2,0.666667,0.166667,5566,Winter,61
2012-11-01,4,1,11,0,4,1,2,0.581667,0.157346,5986,Winter,60
2012-11-02,4,1,11,0,5,1,1,0.522083,0.266175,5847,Winter,59
2012-11-03,4,1,11,0,6,0,2,0.49125,0.270529,5138,Winter,58
2012-11-04,4,1,11,0,0,0,1,0.532917,0.179108,5107,Winter,57
2012-11-05,4,1,11,0,1,1,1,0.494167,0.236325,5259,Winter,56
2012-11-06,4,1,11,0,2,1,1,0.567083,0.173513,5686,Winter,55
2012-11-07,4,1,11,0,3,1,2,0.5475,0.304108,5035,Winter,54
2012-11-08,4,1,11,0,4,1,1,0.333478,0.347835,5315,Winter,53
2012-11-09,4,1,11,0,5,1,1,0.540833,0.214558,5992,Winter,52
2012-11-10,4,1,11,0,6,0,1,0.645417,0.0578458,6536,Winter,51
2012-11-11,4,1,11,0,0,0,1,0.659167,0.1275,6852,Winter,50
2012-11-12,4,1,11,1,1,0,1,0.741667,0.173517,6269,Winter,49
2012-11-13,4,1,11,0,2,1,2,0.662917,0.342046,4094,Winter,48
2012-11-14,4,1,11,0,3,1,1,0.552083,0.199625,5495,Winter,47
2012-11-15,4,1,11,0,4,1,2,0.620417,0.152987,5445,Winter,46
2012-11-16,4,1,11,0,5,1,1,0.524583,0.171025,5698,Winter,45
2012-11-17,4,1,11,0,6,0,1,0.545417,0.179729,5629,Winter,44
2012-11-18,4,1,11,0,0,0,1,0.692917,0.227612,4669,Winter,43
2012-11-19,4,1,11,0,1,1,2,0.623333,0.235067,5499,Winter,42
2012-11-20,4,1,11,0,2,1,2,0.685,0.082725,5634,Winter,41
2012-11-21,4,1,11,0,3,1,1,0.61375,0.103246,5146,Winter,40
2012-11-22,4,1,11,1,4,0,1,0.580417,0.0528708,2425,Winter,39
2012-11-23,4,1,11,0,5,1,1,0.56875,0.148021,3910,Winter,38
2012-11-24,4,1,11,0,6,0,1,0.404583,0.376871,2277,Winter,37
2012-11-25,4,1,11,0,0,0,1,0.468333,0.1505,2424,Winter,36
2012-11-26,4,1,11,0,1,1,1,0.535417,0.04665,5087,Winter,35
2012-11-27,4,1,11,0,2,1,2,0.786667,0.237562,3959,Winter,34
2012-11-28,4,1,11,0,3,1,1,0.50625,0.210821,5260,Winter,33
2012-11-29,4,1,11,0,4,1,1,0.555652,0.115522,5323,Winter,32
2012-11-30,4,1,11,0,5,1,1,0.649583,0.0584708,5668,Winter,31
2012-12-01,4,1,12,0,6,0,2,0.806667,0.0597042,5191,Winter,30
2012-12-02,4,1,12,0,0,0,2,0.823333,0.124379,4649,Winter,29
2012-12-03,4,1,12,0,1,1,1,0.7675,0.0827208,6234,Winter,28
2012-12-04,4,1,12,0,2,1,1,0.73375,0.174129,6606,Winter,27
2012-12-05,4,1,12,0,3,1,1,0.485,0.324021,5729,Winter,26
2012-12-06,4,1,12,0,4,1,1,0.50875,0.174754,5375,Winter,25
2012-12-07,4,1,12,0,5,1,2,0.764167,0.1306,5008,Winter,24
2012-12-08,4,1,12,0,6,0,2,0.91125,0.101379,5582,Winter,23
2012-12-09,4,1,12,0,0,0,2,0.905417,0.157975,3228,Winter,22
2012-12-10,4,1,12,0,1,1,2,0.925,0.190308,5170,Winter,21
2012-12-11,4,1,12,0,2,1,2,0.596667,0.296037,5501,Winter,20
2012-12-12,4,1,12,0,3,1,2,0.538333,0.162937,5319,Winter,19
2012-12-13,4,1,12,0,4,1,1,0.485833,0.174129,5532,Winter,18
2012-12-14,4,1,12,0,5,1,1,0.642917,0.131229,5611,Winter,17
2012-12-15,4,1,12,0,6,0,1,0.650417,0.10635,5047,Winter,16
2012-12-16,4,1,12,0,0,0,2,0.83875,0.100742,3786,Winter,15
2012-12-17,4,1,12,0,1,1,2,0.907083,0.0982583,4585,Winter,14
2012-12-18,4,1,12,0,2,1,1,0.66625,0.221404,5557,Winter,13
2012-12-19,4,1,12,0,3,1,1,0.625417,0.184092,5267,Winter,12
2012-12-20,4,1,12,0,4,1,2,0.667917,0.132463,4128,Winter,11
2012-12-21,1,1,12,0,5,1,2,0.556667,0.374383,3623,Spring,10
2012-12-22,1,1,12,0,6,0,1,0.44125,0.407346,1749,Spring,9
2012-12-23,1,1,12,0,0,0,1,0.515417,0.133083,1787,Spring,8
2012-12-24,1,1,12,0,1,1,2,0.791304,0.0772304,920,Spring,7
2012-12-25,1,1,12,1,2,0,2,0.734783,0.168726,1013,Spring,6
2012-12-26,1,1,12,0,3,1,3,0.823333,0.316546,441,Spring,5
2012-12-27,1,1,12,0,4,1,2,0.652917,0.350133,2114,Spring,4
2012-12-28,1,1,12,0,5,1,2,0.59,0.155471,3095,Spring,3
2012-12-29,1,1,12,0,6,0,2,0.752917,0.124383,1341,Spring,2
2012-12-30,1,1,12,0,0,0,1,0.483333,0.350754,1796,Spring,1
2012-12-31,1,1,12,0,1,1,2,0.5775,0.154846,2729,Spring,0
